,GPSPW,GNSPW
0,0.0,0.0013111888111888112
1,0.0027729636048526864,0.018356643356643356
2,0.0008665511265164644,0.0
3,0.0010398613518197574,0.00043706293706293706
4,0.0001733102253032929,0.0
5,0.0,0.00043706293706293706
6,0.0003466204506065858,0.0
7,0.0001733102253032929,0.0
8,0.001559792027729636,0.0
9,0.0,0.003933566433566434
10,0.0,0.00043706293706293706
11,0.0005199306759098787,0.0
12,0.0017331022530329288,0.00743006993006993
13,0.0,0.00043706293706293706
14,0.0,0.0017482517482517483
15,0.2124783362218371,0.35096153846153844
16,0.0005199306759098787,0.0013111888111888112
17,0.008665511265164644,0.00743006993006993
18,0.0,0.0030594405594405595
19,0.0,0.0021853146853146855
20,0.0024263431542461003,0.0
21,0.007105719237435009,0.013111888111888112
22,0.0003466204506065858,0.0
23,0.0001733102253032929,0.0
24,0.0003466204506065858,0.0030594405594405595
25,0.0003466204506065858,0.0
26,0.0682842287694974,0.12805944055944055
27,0.006239168110918544,0.008741258741258742
28,0.0,0.0008741258741258741
29,0.0020797227036395147,0.006555944055944056
30,0.0,0.0
31,0.004852686308492201,0.013111888111888112
32,0.0,0.004807692307692308
33,0.0001733102253032929,0.0021853146853146855
34,0.0020797227036395147,0.00043706293706293706
35,0.0,0.00043706293706293706
36,0.0017331022530329288,0.0021853146853146855
37,0.0027729636048526864,0.011363636363636364
38,0.015077989601386482,0.025786713286713288
39,0.010051993067590987,0.0030594405594405595
40,0.0003466204506065858,0.0008741258741258741
41,0.0001733102253032929,0.0
42,0.0020797227036395147,0.004370629370629371
43,0.0020797227036395147,0.019667832167832168
44,0.0,0.005681818181818182
45,0.0,0.0
46,0.009358752166377816,0.017482517482517484
47,0.0,0.0
48,0.0001733102253032929,0.0
49,0.006412478336221837,0.01048951048951049
50,0.04679376083188908,0.0673076923076923
51,0.2755632582322357,0.36756993006993005
52,0.0006932409012131716,0.0
53,0.0,0.00043706293706293706
54,0.02218370883882149,0.018356643356643356
55,0.0008665511265164644,0.0034965034965034965
56,0.0013864818024263432,0.017045454545454544
57,0.0,0.0017482517482517483
58,0.01195840554592721,0.045454545454545456
59,0.0010398613518197574,0.00043706293706293706
60,0.0020797227036395147,0.0008741258741258741
61,0.0008665511265164644,0.0
62,0.0559792027729636,0.04414335664335664
63,0.0006932409012131716,0.0
64,0.0005199306759098787,0.0008741258741258741
65,0.0001733102253032929,0.0
66,0.407105719237435,0.7552447552447552
67,0.0005199306759098787,0.0
68,0.10138648180242635,0.24388111888111888
69,0.0001733102253032929,0.003933566433566434
70,0.0020797227036395147,0.0026223776223776225
71,0.0010398613518197574,0.0008741258741258741
72,0.0003466204506065858,0.00043706293706293706
73,0.0,0.0026223776223776225
74,0.006932409012131715,0.022727272727272728
75,0.058925476603119586,0.1333041958041958
76,0.0,0.0008741258741258741
77,0.03864818024263431,0.01791958041958042
78,0.012651646447140381,0.0472027972027972
79,0.003986135181975737,0.0
80,0.0,0.0021853146853146855
81,0.0,0.0
82,0.0022530329289428075,0.00043706293706293706
83,0.0022530329289428075,0.005244755244755245
84,0.0008665511265164644,0.0
85,0.0001733102253032929,0.0021853146853146855
86,0.015424610051993068,0.02972027972027972
87,0.0,0.0
88,0.0,0.0
89,0.17642980935875216,0.2937062937062937
90,0.0008665511265164644,0.0
91,0.0,0.0
92,0.0001733102253032929,0.0
93,0.0010398613518197574,0.0026223776223776225
94,0.0008665511265164644,0.005681818181818182
95,0.0024263431542461003,0.010052447552447552
96,0.0076256499133448875,0.024912587412587412
97,0.0001733102253032929,0.0013111888111888112
98,0.0005199306759098787,0.005244755244755245
99,0.0,0.0
100,0.0,0.00043706293706293706
101,0.0,0.0
102,0.03916811091854419,0.09659090909090909
103,0.0,0.0
104,0.0008665511265164644,0.0
105,0.0003466204506065858,0.0
106,0.027383015597920276,0.03715034965034965
107,0.0001733102253032929,0.0
108,0.0006932409012131716,0.0008741258741258741
109,0.0,0.0017482517482517483
110,0.0,0.0
111,0.0019064124783362219,0.0
112,0.0010398613518197574,0.0030594405594405595
113,0.2781629116117851,0.5393356643356644
114,0.0001733102253032929,0.0
115,0.0001733102253032929,0.0
116,0.0006932409012131716,0.003933566433566434
117,0.0008665511265164644,0.0026223776223776225
118,0.592894280762565,1.0891608391608392
119,0.0008665511265164644,0.0
120,0.03500866551126516,0.08741258741258741
121,0.0010398613518197574,0.0
122,0.0003466204506065858,0.0008741258741258741
123,0.0,0.0
124,0.03708838821490468,0.14291958041958042
125,0.08648180242634315,0.1145104895104895
126,0.0005199306759098787,0.0
127,0.0001733102253032929,0.0
128,0.0001733102253032929,0.004807692307692308
129,0.0012131715771230502,0.0013111888111888112
130,0.001559792027729636,0.0008741258741258741
131,0.0006932409012131716,0.00043706293706293706
132,0.011091854419410746,0.011363636363636364
133,0.0005199306759098787,0.0021853146853146855
134,0.001559792027729636,0.0
135,0.011438474870017331,0.0017482517482517483
136,0.0020797227036395147,0.0034965034965034965
137,0.0008665511265164644,0.0
138,0.0,0.0
139,0.0001733102253032929,0.0021853146853146855
140,0.0,0.0
141,0.0001733102253032929,0.0
142,0.0,0.0
143,0.0,0.0021853146853146855
144,0.0024263431542461003,0.004370629370629371
145,0.0001733102253032929,0.00043706293706293706
146,0.0006932409012131716,0.0
147,0.009185441941074523,0.010052447552447552
148,0.003119584055459272,0.010052447552447552
149,0.003292894280762565,0.004807692307692308
150,0.0003466204506065858,0.0
151,0.0005199306759098787,0.0
152,0.0008665511265164644,0.012674825174825174
153,0.0,0.0
154,0.0,0.00043706293706293706
155,0.004506065857885615,0.010052447552447552
156,0.0010398613518197574,0.0
157,0.0,0.0
158,0.0019064124783362219,0.0026223776223776225
159,0.0029462738301559792,0.008304195804195804
160,0.0,0.005244755244755245
161,0.0001733102253032929,0.0
162,0.003119584055459272,0.006993006993006993
163,0.0001733102253032929,0.0
164,0.0,0.0
165,0.0,0.0021853146853146855
166,0.0001733102253032929,0.0
167,0.0,0.00043706293706293706
168,0.008492201039861352,0.0030594405594405595
169,0.0,0.0
170,0.0,0.0021853146853146855
171,0.043847487001733104,0.04501748251748252
172,0.0025996533795493936,0.0021853146853146855
173,0.001559792027729636,0.004370629370629371
174,0.0008665511265164644,0.0
175,0.0003466204506065858,0.005681818181818182
176,0.10502599653379549,0.20454545454545456
177,0.0022530329289428075,0.00743006993006993
178,0.0001733102253032929,0.0
179,0.003119584055459272,0.007867132867132868
180,0.0003466204506065858,0.0
181,0.0,0.0013111888111888112
182,0.0,0.0021853146853146855
183,0.0,0.0
184,0.0001733102253032929,0.0008741258741258741
185,0.0,0.0017482517482517483
186,0.20901213171577124,0.2285839160839161
187,0.0001733102253032929,0.00043706293706293706
188,0.0010398613518197574,0.005244755244755245
189,0.0,0.0021853146853146855
190,0.0,0.0
191,0.1438474870017331,0.2395104895104895
192,0.0010398613518197574,0.0030594405594405595
193,0.0003466204506065858,0.005681818181818182
194,0.5736568457538995,0.9956293706293706
195,0.0001733102253032929,0.0030594405594405595
196,0.0001733102253032929,0.0
197,0.0001733102253032929,0.0
198,0.0019064124783362219,0.0021853146853146855
199,0.00537261698440208,0.0034965034965034965
200,0.00658578856152513,0.01486013986013986
201,0.0005199306759098787,0.0
202,0.005199306759098787,0.007867132867132868
203,0.0012131715771230502,0.012237762237762238
204,0.0,0.0
205,0.024436741767764298,0.017045454545454544
206,0.0017331022530329288,0.0008741258741258741
207,0.0019064124783362219,0.0021853146853146855
208,0.0008665511265164644,0.004807692307692308
209,0.0008665511265164644,0.0
210,0.0001733102253032929,0.0008741258741258741
211,0.0003466204506065858,0.004807692307692308
212,0.0003466204506065858,0.0
213,0.0,0.0008741258741258741
214,0.0,0.0
215,0.0008665511265164644,0.006555944055944056
216,0.0001733102253032929,0.0008741258741258741
217,0.0,0.00043706293706293706
218,0.0019064124783362219,0.0
219,0.0,0.0017482517482517483
220,0.011438474870017331,0.010052447552447552
221,0.0001733102253032929,0.0026223776223776225
222,0.4584055459272097,0.847027972027972
223,0.0008665511265164644,0.00043706293706293706
224,0.0001733102253032929,0.0
225,0.03310225303292894,0.07648601398601398
226,0.0,0.0017482517482517483
227,0.0008665511265164644,0.0
228,0.0,0.00043706293706293706
229,0.0008665511265164644,0.0
230,0.0001733102253032929,0.0
231,0.0003466204506065858,0.00043706293706293706
232,0.0001733102253032929,0.0026223776223776225
233,0.0292894280762565,0.06555944055944056
234,0.0005199306759098787,0.0
235,0.0001733102253032929,0.006993006993006993
236,0.0001733102253032929,0.0
237,0.0006932409012131716,0.0008741258741258741
238,0.0001733102253032929,0.00043706293706293706
239,0.01195840554592721,0.019667832167832168
240,0.0001733102253032929,0.0
241,0.0001733102253032929,0.0
242,0.0,0.0017482517482517483
243,0.02461005199306759,0.10751748251748251
244,0.01993067590987868,0.05026223776223776
245,0.012131715771230503,0.027097902097902096
246,0.0001733102253032929,0.0
247,0.0006932409012131716,0.00043706293706293706
248,0.001559792027729636,0.0
249,0.00537261698440208,0.006118881118881119
250,0.0001733102253032929,0.0017482517482517483
251,0.0,0.00043706293706293706
252,0.0003466204506065858,0.0
253,0.8802426343154246,1.542832167832168
254,0.0001733102253032929,0.0
255,0.0,0.0021853146853146855
256,0.0001733102253032929,0.0
257,0.01750433275563258,0.05244755244755245
258,0.7280762564991334,1.3229895104895104
259,0.0001733102253032929,0.00043706293706293706
260,0.0,0.0
261,0.0022530329289428075,0.006993006993006993
262,0.0,0.0034965034965034965
263,0.0,0.00043706293706293706
264,0.0,0.003933566433566434
265,0.0008665511265164644,0.0
266,0.0017331022530329288,0.0
267,0.0,0.00043706293706293706
268,0.0006932409012131716,0.0008741258741258741
269,0.0001733102253032929,0.0
270,0.03119584055459272,0.051573426573426576
271,0.12807625649913346,0.22945804195804195
272,0.0003466204506065858,0.0017482517482517483
273,0.0001733102253032929,0.0
274,0.010398613518197574,0.01791958041958042
275,0.0006932409012131716,0.0
276,0.0005199306759098787,0.0030594405594405595
277,0.0,0.0
278,0.004679376083188908,0.003933566433566434
279,0.0006932409012131716,0.0
280,0.8251299826689775,1.4357517482517483
281,0.0006932409012131716,0.0017482517482517483
282,0.0008665511265164644,0.0
283,0.0022530329289428075,0.0034965034965034965
284,0.0019064124783362219,0.0
285,0.0001733102253032929,0.0
286,0.0,0.00043706293706293706
287,0.005199306759098787,0.005244755244755245
288,0.009878682842287694,0.011363636363636364
289,0.0,0.00043706293706293706
290,0.0012131715771230502,0.003933566433566434
291,0.004159445407279029,0.004807692307692308
292,0.006932409012131715,0.005244755244755245
293,0.0,0.00043706293706293706
294,0.003119584055459272,0.010052447552447552
295,0.006412478336221837,0.013986013986013986
296,0.032582322357019064,0.08216783216783216
297,0.024956672443674176,0.0013111888111888112
298,0.0001733102253032929,0.0026223776223776225
299,0.0001733102253032929,0.0
300,0.0,0.00043706293706293706
301,0.00658578856152513,0.005244755244755245
302,0.0001733102253032929,0.0
303,0.0,0.0026223776223776225
304,0.0027729636048526864,0.0
305,0.029116117850953208,0.05201048951048951
306,0.00658578856152513,0.00743006993006993
307,0.15285961871750434,0.20323426573426573
308,0.0,0.0034965034965034965
309,0.0,0.00043706293706293706
310,0.0024263431542461003,0.012237762237762238
311,0.0005199306759098787,0.0017482517482517483
312,0.0,0.00043706293706293706
313,0.0005199306759098787,0.00043706293706293706
314,0.0050259965337954935,0.004807692307692308
315,0.0010398613518197574,0.0
316,0.02755632582322357,0.051573426573426576
317,0.0019064124783362219,0.004370629370629371
318,0.0003466204506065858,0.0
319,0.05216637781629116,0.08872377622377622
320,0.0012131715771230502,0.0021853146853146855
321,0.0,0.0017482517482517483
322,0.003639514731369151,0.0026223776223776225
323,0.011438474870017331,0.018793706293706292
324,0.0003466204506065858,0.004370629370629371
325,0.0013864818024263432,0.004807692307692308
326,0.0001733102253032929,0.0
327,0.0006932409012131716,0.0
328,0.0022530329289428075,0.004807692307692308
329,0.0008665511265164644,0.0
330,0.0001733102253032929,0.0
331,0.0012131715771230502,0.0034965034965034965
332,0.0,0.0
333,0.0001733102253032929,0.0
334,0.018370883882149046,0.021416083916083916
335,0.0001733102253032929,0.00043706293706293706
336,0.003292894280762565,0.008741258741258742
337,0.0,0.0021853146853146855
338,0.0001733102253032929,0.0
339,0.0,0.0
340,0.0006932409012131716,0.0
341,0.1194107452339688,0.28846153846153844
342,0.0,0.0013111888111888112
343,0.0001733102253032929,0.0
344,0.0017331022530329288,0.004370629370629371
345,0.0025996533795493936,0.0
346,0.0012131715771230502,0.00043706293706293706
347,0.0058925476603119585,0.00743006993006993
348,0.0017331022530329288,0.0118006993006993
349,0.0012131715771230502,0.00043706293706293706
350,0.0,0.0026223776223776225
351,0.0008665511265164644,0.0017482517482517483
352,0.001559792027729636,0.0
353,0.038821490467937605,0.06337412587412587
354,0.0001733102253032929,0.0
355,0.007972270363951473,0.018356643356643356
356,0.009185441941074523,0.016608391608391608
357,0.17019064124783362,0.3999125874125874
358,0.0019064124783362219,0.00043706293706293706
359,0.0,0.0
360,0.05788561525129983,0.05419580419580419
361,0.0001733102253032929,0.0030594405594405595
362,0.1901213171577123,0.38243006993006995
363,0.0001733102253032929,0.0
364,0.0006932409012131716,0.0021853146853146855
365,0.6471403812824956,1.1411713286713288
366,0.004159445407279029,0.004807692307692308
367,0.0010398613518197574,0.0
368,0.0006932409012131716,0.0013111888111888112
369,0.0003466204506065858,0.0
370,0.0010398613518197574,0.0
371,0.0001733102253032929,0.0030594405594405595
372,0.025996533795493933,0.046765734265734264
373,0.008838821490467937,0.008741258741258742
374,0.0001733102253032929,0.0
375,0.0,0.00043706293706293706
376,0.02391681109185442,0.022290209790209792
377,0.029116117850953208,0.03190559440559441
378,0.0006932409012131716,0.0017482517482517483
379,0.0,0.00043706293706293706
380,0.0005199306759098787,0.00043706293706293706
381,0.0006932409012131716,0.0
382,0.0027729636048526864,0.0118006993006993
383,0.0,0.00043706293706293706
384,0.07625649913344887,0.11057692307692307
385,0.001559792027729636,0.009615384615384616
386,0.05979202772963605,0.12062937062937062
387,0.0008665511265164644,0.0
388,0.02461005199306759,0.04283216783216783
389,0.0010398613518197574,0.0
390,0.0,0.00043706293706293706
391,0.0013864818024263432,0.0030594405594405595
392,0.0003466204506065858,0.0
393,0.0012131715771230502,0.0
394,0.0001733102253032929,0.00043706293706293706
395,0.0,0.0021853146853146855
396,0.0,0.0008741258741258741
397,0.0,0.0
398,0.0003466204506065858,0.00043706293706293706
399,0.0001733102253032929,0.0034965034965034965
400,0.0,0.0017482517482517483
401,0.0,0.0
402,0.0019064124783362219,0.004807692307692308
403,0.0005199306759098787,0.0
404,0.0006932409012131716,0.0
405,0.878682842287695,1.5830419580419581
406,0.0001733102253032929,0.0
407,0.0001733102253032929,0.0
408,0.0019064124783362219,0.0034965034965034965
409,0.003292894280762565,0.0030594405594405595
410,0.0001733102253032929,0.0
411,0.0220103986135182,0.05550699300699301
412,0.02270363951473137,0.019230769230769232
413,0.0027729636048526864,0.013548951048951048
414,0.0,0.0021853146853146855
415,0.0001733102253032929,0.0
416,0.014384748700173311,0.03277972027972028
417,0.0,0.0013111888111888112
418,0.004852686308492201,0.009615384615384616
419,0.0001733102253032929,0.003933566433566434
420,0.0001733102253032929,0.0
421,0.011438474870017331,0.013986013986013986
422,0.0,0.005681818181818182
423,0.0001733102253032929,0.0
424,0.051299826689774695,0.0472027972027972
425,0.0008665511265164644,0.0
426,0.0006932409012131716,0.0
427,0.003639514731369151,0.00743006993006993
428,0.0,0.0021853146853146855
429,0.0,0.00043706293706293706
430,0.06481802426343154,0.0930944055944056
431,0.0,0.0026223776223776225
432,0.003119584055459272,0.004370629370629371
433,0.0003466204506065858,0.00043706293706293706
434,0.0006932409012131716,0.0
435,0.0,0.00043706293706293706
436,0.0001733102253032929,0.0
437,0.0,0.0
438,0.0001733102253032929,0.006993006993006993
439,0.0001733102253032929,0.0
440,0.011611785095320624,0.02403846153846154
441,0.05909878682842288,0.15515734265734266
442,0.0,0.00043706293706293706
443,0.09410745233968804,0.14160839160839161
444,0.0,0.0017482517482517483
445,0.005199306759098787,0.0
446,0.0,0.0
447,0.0003466204506065858,0.0
448,0.0,0.0021853146853146855
449,0.020450606585788563,0.03190559440559441
450,0.0001733102253032929,0.0
451,0.04679376083188908,0.047639860139860137
452,0.0008665511265164644,0.0026223776223776225
453,0.0008665511265164644,0.0
454,0.0008665511265164644,0.0
455,0.05389948006932409,0.0472027972027972
456,0.0001733102253032929,0.0026223776223776225
457,0.0,0.00043706293706293706
458,0.0005199306759098787,0.00043706293706293706
459,0.0001733102253032929,0.0017482517482517483
460,0.0017331022530329288,0.0
461,0.0,0.0
462,0.0,0.00043706293706293706
463,0.00658578856152513,0.005681818181818182
464,0.0,0.0021853146853146855
465,0.0,0.0
466,0.0006932409012131716,0.0
467,0.0,0.0017482517482517483
468,0.004852686308492201,0.016608391608391608
469,0.0,0.00043706293706293706
470,0.0008665511265164644,0.0
471,0.009358752166377816,0.015297202797202798
472,0.0,0.00043706293706293706
473,0.0,0.0017482517482517483
474,0.0008665511265164644,0.0030594405594405595
475,0.0,0.00043706293706293706
476,0.0003466204506065858,0.0
477,0.0,0.0
478,0.0,0.00043706293706293706
479,0.006065857885615251,0.016608391608391608
480,0.001559792027729636,0.0030594405594405595
481,0.17729636048526862,0.1971153846153846
482,0.0,0.0017482517482517483
483,0.0,0.0021853146853146855
484,0.007972270363951473,0.014423076923076924
485,0.0027729636048526864,0.024912587412587412
486,0.0019064124783362219,0.00043706293706293706
487,0.0022530329289428075,0.009178321678321678
488,0.06169844020797227,0.0729895104895105
489,0.0,0.0021853146853146855
490,0.0003466204506065858,0.0030594405594405595
491,0.0008665511265164644,0.0
492,0.0,0.0
493,0.0,0.00043706293706293706
494,0.0,0.0
495,0.010918544194107453,0.021853146853146852
496,0.008665511265164644,0.010926573426573426
497,0.009532062391681109,0.0034965034965034965
498,0.0,0.0013111888111888112
499,0.012651646447140381,0.004370629370629371
500,0.0024263431542461003,0.005244755244755245
501,0.0,0.0017482517482517483
502,0.0006932409012131716,0.0
503,0.09913344887348353,0.1861888111888112
504,0.0003466204506065858,0.0026223776223776225
505,0.0003466204506065858,0.0
506,0.0027729636048526864,0.017482517482517484
507,0.0,0.0
508,0.0,0.0026223776223776225
509,0.0001733102253032929,0.0017482517482517483
510,0.0008665511265164644,0.004370629370629371
511,0.0001733102253032929,0.0
512,0.00901213171577123,0.009178321678321678
513,0.0008665511265164644,0.0
514,0.006932409012131715,0.016608391608391608
515,0.0,0.008304195804195804
516,0.0005199306759098787,0.0
517,0.0003466204506065858,0.005244755244755245
518,0.0022530329289428075,0.0026223776223776225
519,0.016291161178509532,0.029283216783216784
520,0.0,0.0
521,0.0008665511265164644,0.00043706293706293706
522,0.004506065857885615,0.00043706293706293706
523,0.0003466204506065858,0.0
524,0.0025996533795493936,0.0
525,0.0008665511265164644,0.0021853146853146855
526,0.0001733102253032929,0.005681818181818182
527,0.0001733102253032929,0.004370629370629371
528,0.0,0.0
529,0.0005199306759098787,0.00043706293706293706
530,0.0,0.00043706293706293706
531,0.0019064124783362219,0.006555944055944056
532,0.0001733102253032929,0.0
533,0.0003466204506065858,0.009178321678321678
534,0.00537261698440208,0.0026223776223776225
535,0.006932409012131715,0.019230769230769232
536,0.14055459272097054,0.16127622377622378
537,0.004852686308492201,0.011363636363636364
538,0.0013864818024263432,0.0008741258741258741
539,0.0008665511265164644,0.0
540,0.040901213171577126,0.06337412587412587
541,0.0003466204506065858,0.00043706293706293706
542,0.12703639514731369,0.21022727272727273
543,0.0006932409012131716,0.0
544,0.0005199306759098787,0.0
545,0.0005199306759098787,0.0
546,0.0022530329289428075,0.007867132867132868
547,0.0005199306759098787,0.0
548,0.0012131715771230502,0.0
549,0.0017331022530329288,0.0030594405594405595
550,0.010918544194107453,0.02403846153846154
551,0.3630849220103986,0.6538461538461539
552,0.0001733102253032929,0.0021853146853146855
553,0.0006932409012131716,0.0
554,0.0005199306759098787,0.0
555,0.0029462738301559792,0.004807692307692308
556,0.005545927209705373,0.008741258741258742
557,0.0,0.0021853146853146855
558,0.0008665511265164644,0.0017482517482517483
559,0.0010398613518197574,0.0
560,0.0,0.0
561,0.0006932409012131716,0.0
562,0.0,0.00043706293706293706
563,0.0005199306759098787,0.0008741258741258741
564,0.01681109185441941,0.0
565,0.0,0.0
566,0.0,0.0
567,0.0013864818024263432,0.005244755244755245
568,0.01611785095320624,0.0236013986013986
569,0.0003466204506065858,0.00043706293706293706
570,0.010571923743500867,0.008741258741258742
571,0.0001733102253032929,0.0
572,0.003292894280762565,0.019667832167832168
573,0.0003466204506065858,0.0
574,0.015424610051993068,0.009615384615384616
575,0.0,0.006555944055944056
576,0.0,0.0008741258741258741
577,0.0001733102253032929,0.007867132867132868
578,0.07348353552859618,0.08784965034965035
579,0.0003466204506065858,0.0
580,0.028769497400346622,0.046765734265734264
581,0.006932409012131715,0.006993006993006993
582,0.0008665511265164644,0.0021853146853146855
583,0.327209705372617,0.319493006993007
584,0.0008665511265164644,0.0013111888111888112
585,0.0005199306759098787,0.008741258741258742
586,0.001559792027729636,0.0021853146853146855
587,0.001559792027729636,0.0
588,0.0,0.0
589,0.0,0.00043706293706293706
590,0.0005199306759098787,0.005244755244755245
591,0.0001733102253032929,0.0
592,0.0,0.00043706293706293706
593,0.0003466204506065858,0.0
594,0.0,0.0017482517482517483
595,0.010918544194107453,0.027097902097902096
596,0.035181975736568456,0.03190559440559441
597,0.0,0.0017482517482517483
598,0.0006932409012131716,0.0008741258741258741
599,0.008145580589254766,0.0008741258741258741
600,0.0,0.0034965034965034965
601,0.004159445407279029,0.006118881118881119
602,0.0,0.00043706293706293706
603,0.0001733102253032929,0.0026223776223776225
604,0.0,0.0017482517482517483
605,0.0,0.0
606,0.0008665511265164644,0.0021853146853146855
607,0.0,0.00043706293706293706
608,0.0010398613518197574,0.0
609,0.0006932409012131716,0.0
610,0.0001733102253032929,0.0
611,0.003292894280762565,0.0017482517482517483
612,0.0,0.0017482517482517483
613,0.05025996533795494,0.0743006993006993
614,0.0,0.0008741258741258741
615,0.0020797227036395147,0.0026223776223776225
616,0.0006932409012131716,0.0
617,0.0,0.00043706293706293706
618,0.0020797227036395147,0.010052447552447552
619,0.019064124783362217,0.03365384615384615
620,0.0,0.00043706293706293706
621,0.0001733102253032929,0.0
622,0.0,0.0
623,0.0,0.00043706293706293706
624,0.0010398613518197574,0.0
625,0.0010398613518197574,0.0030594405594405595
626,0.0,0.0034965034965034965
627,0.0020797227036395147,0.0026223776223776225
628,0.0,0.0021853146853146855
629,0.03968804159445407,0.055944055944055944
630,0.0,0.0
631,0.0022530329289428075,0.0008741258741258741
632,0.029462738301559793,0.0625
633,0.0024263431542461003,0.010052447552447552
634,0.0020797227036395147,0.003933566433566434
635,0.40121317157712305,0.7023601398601399
636,0.007279029462738302,0.021416083916083916
637,0.003292894280762565,0.00043706293706293706
638,0.0008665511265164644,0.010052447552447552
639,0.0,0.00043706293706293706
640,0.0,0.0
641,0.0010398613518197574,0.006993006993006993
642,0.0019064124783362219,0.00043706293706293706
643,0.003292894280762565,0.0030594405594405595
644,0.0020797227036395147,0.0008741258741258741
645,0.0006932409012131716,0.0008741258741258741
646,0.0,0.0026223776223776225
647,0.004332755632582322,0.005681818181818182
648,0.22790294627383015,0.34178321678321677
649,0.0008665511265164644,0.0
650,0.0001733102253032929,0.0
651,0.0,0.0
652,0.012824956672443674,0.0236013986013986
653,0.0001733102253032929,0.0
654,0.0,0.0026223776223776225
655,0.0,0.0
656,0.0010398613518197574,0.0026223776223776225
657,0.0005199306759098787,0.0034965034965034965
658,0.0001733102253032929,0.0
659,0.0012131715771230502,0.0008741258741258741
660,0.0,0.0013111888111888112
661,0.0,0.0017482517482517483
662,0.050606585788561524,0.08697552447552448
663,0.0,0.0008741258741258741
664,0.0001733102253032929,0.0
665,0.0008665511265164644,0.0030594405594405595
666,0.0292894280762565,0.027534965034965036
667,0.0022530329289428075,0.008741258741258742
668,0.0,0.0026223776223776225
669,0.0001733102253032929,0.0
670,0.0,0.0021853146853146855
671,0.0003466204506065858,0.0
672,0.0027729636048526864,0.0118006993006993
673,0.0,0.0017482517482517483
674,0.0,0.00043706293706293706
675,0.001559792027729636,0.0026223776223776225
676,0.0,0.0017482517482517483
677,0.0008665511265164644,0.0
678,0.0022530329289428075,0.0030594405594405595
679,0.07019064124783363,0.07867132867132867
680,0.9065857885615252,1.6083916083916083
681,0.0029462738301559792,0.0013111888111888112
682,0.0012131715771230502,0.0030594405594405595
683,0.0017331022530329288,0.0
684,0.004506065857885615,0.0
685,0.0,0.00043706293706293706
686,0.0019064124783362219,0.0
687,0.008838821490467937,0.0
688,0.0022530329289428075,0.0021853146853146855
689,0.0005199306759098787,0.0
690,0.0,0.0030594405594405595
691,0.0,0.00043706293706293706
692,0.0008665511265164644,0.0
693,0.0001733102253032929,0.0
694,0.0012131715771230502,0.0017482517482517483
695,0.0019064124783362219,0.0008741258741258741
696,0.0024263431542461003,0.008304195804195804
697,0.0,0.00043706293706293706
698,0.0006932409012131716,0.0017482517482517483
699,0.0,0.00043706293706293706
700,0.0010398613518197574,0.0026223776223776225
701,0.0,0.0
702,0.0,0.0030594405594405595
703,0.0029462738301559792,0.020104895104895104
704,0.0,0.0026223776223776225
705,0.008838821490467937,0.04807692307692308
706,0.009358752166377816,0.015734265734265736
707,0.0,0.0008741258741258741
708,0.01386481802426343,0.019667832167832168
709,0.013691507798960138,0.014423076923076924
710,0.0,0.0021853146853146855
711,0.005719237435008666,0.0008741258741258741
712,0.0,0.0
713,0.0006932409012131716,0.0
714,0.0012131715771230502,0.00043706293706293706
715,0.0010398613518197574,0.0
716,0.0005199306759098787,0.0034965034965034965
717,0.0001733102253032929,0.0026223776223776225
718,0.0006932409012131716,0.0
719,0.0013864818024263432,0.00043706293706293706
720,0.0,0.0
721,0.0024263431542461003,0.007867132867132868
722,0.12582322357019063,0.19143356643356643
723,0.008665511265164644,0.013986013986013986
724,0.001559792027729636,0.004807692307692308
725,0.0003466204506065858,0.0
726,0.003119584055459272,0.0
727,0.0006932409012131716,0.0
728,0.07123050259965338,0.1979895104895105
729,0.0006932409012131716,0.0
730,0.0,0.0026223776223776225
731,0.0,0.00043706293706293706
732,0.0006932409012131716,0.0
733,0.0012131715771230502,0.00043706293706293706
734,0.0008665511265164644,0.0030594405594405595
735,0.0034662045060658577,0.00043706293706293706
736,0.0019064124783362219,0.0013111888111888112
737,0.0006932409012131716,0.007867132867132868
738,0.0008665511265164644,0.0
739,0.001559792027729636,0.0030594405594405595
740,0.0,0.0021853146853146855
741,0.02461005199306759,0.0008741258741258741
742,0.0024263431542461003,0.012237762237762238
743,0.0,0.0
744,0.0001733102253032929,0.0
745,0.0005199306759098787,0.0
746,0.05025996533795494,0.08173076923076923
747,0.0,0.0
748,0.004679376083188908,0.007867132867132868
749,0.0,0.0026223776223776225
750,0.08873483535528597,0.17613636363636365
751,0.0,0.0026223776223776225
752,0.01490467937608319,0.04414335664335664
753,0.03535528596187175,0.08435314685314685
754,0.0,0.0030594405594405595
755,0.0001733102253032929,0.0021853146853146855
756,0.0,0.0
757,0.0,0.0021853146853146855
758,0.010571923743500867,0.016608391608391608
759,0.008492201039861352,0.0
760,0.0,0.0013111888111888112
761,0.0006932409012131716,0.0
762,0.006065857885615251,0.021416083916083916
763,0.0006932409012131716,0.0
764,0.006759098786828423,0.017045454545454544
765,0.003639514731369151,0.0030594405594405595
766,0.0006932409012131716,0.0
767,0.6677642980935875,1.1494755244755244
768,0.0024263431542461003,0.0034965034965034965
769,0.006065857885615251,0.0013111888111888112
770,0.0020797227036395147,0.006993006993006993
771,0.0017331022530329288,0.0030594405594405595
772,0.0001733102253032929,0.0
773,0.004679376083188908,0.015297202797202798
774,0.0005199306759098787,0.0
775,0.0006932409012131716,0.0
776,0.0,0.0
777,0.001559792027729636,0.0021853146853146855
778,0.0,0.00043706293706293706
779,0.0012131715771230502,0.00043706293706293706
780,0.0,0.00043706293706293706
781,0.0,0.00043706293706293706
782,0.0006932409012131716,0.0
783,0.0,0.0017482517482517483
784,0.5095320623916811,0.8605769230769231
785,0.0005199306759098787,0.00043706293706293706
786,0.0,0.00043706293706293706
787,0.0012131715771230502,0.010052447552447552
788,0.42564991334488733,0.7902097902097902
789,0.0001733102253032929,0.0
790,0.0029462738301559792,0.004370629370629371
791,0.013518197573656845,0.012674825174825174
792,0.0008665511265164644,0.005681818181818182
793,0.0,0.0
794,0.0008665511265164644,0.0
795,0.004332755632582322,0.016608391608391608
796,0.0008665511265164644,0.0
797,0.010918544194107453,0.017482517482517484
798,0.08856152512998267,0.19187062937062938
799,0.0005199306759098787,0.0021853146853146855
800,0.0019064124783362219,0.015297202797202798
801,0.004159445407279029,0.009178321678321678
802,0.6511265164644714,1.1031468531468531
803,0.0,0.00043706293706293706
804,0.004852686308492201,0.004370629370629371
805,0.0,0.0017482517482517483
806,0.0,0.0017482517482517483
807,0.0001733102253032929,0.0026223776223776225
808,0.0,0.00043706293706293706
809,0.10277296360485269,0.15865384615384615
810,0.0022530329289428075,0.0030594405594405595
811,0.0008665511265164644,0.0021853146853146855
812,0.0,0.0026223776223776225
813,0.0022530329289428075,0.006118881118881119
814,0.0001733102253032929,0.0
815,0.0012131715771230502,0.0008741258741258741
816,0.0001733102253032929,0.0
817,0.0001733102253032929,0.0026223776223776225
818,0.0,0.0021853146853146855
819,0.0034662045060658577,0.009615384615384616
820,0.0010398613518197574,0.0
821,0.01386481802426343,0.0021853146853146855
822,0.0001733102253032929,0.0
823,0.0001733102253032929,0.0
824,0.0013864818024263432,0.007867132867132868
825,0.16204506065857885,0.2644230769230769
826,0.0,0.0017482517482517483
827,0.0001733102253032929,0.00043706293706293706
828,0.0022530329289428075,0.0021853146853146855
829,0.0001733102253032929,0.0008741258741258741
830,0.0022530329289428075,0.004807692307692308
831,0.0001733102253032929,0.00043706293706293706
832,0.0,0.0008741258741258741
833,0.0,0.0013111888111888112
834,0.004506065857885615,0.010052447552447552
835,0.001559792027729636,0.003933566433566434
836,0.0,0.005244755244755245
837,0.003639514731369151,0.0021853146853146855
838,0.001559792027729636,0.00743006993006993
839,0.007105719237435009,0.004370629370629371
840,0.0001733102253032929,0.0
841,0.0,0.0
842,0.0008665511265164644,0.0017482517482517483
843,0.9275563258232236,1.6512237762237763
844,0.0,0.00043706293706293706
845,0.20831889081455807,0.4152097902097902
846,0.06083188908145581,0.11188811188811189
847,0.0,0.0026223776223776225
848,0.006065857885615251,0.007867132867132868
849,0.0003466204506065858,0.0
850,0.0017331022530329288,0.009178321678321678
851,0.0008665511265164644,0.006118881118881119
852,0.0,0.00043706293706293706
853,0.0,0.00043706293706293706
854,0.0013864818024263432,0.00043706293706293706
855,0.0001733102253032929,0.0
856,0.001559792027729636,0.003933566433566434
857,0.3637781629116118,0.7067307692307693
858,0.004159445407279029,0.010926573426573426
859,0.0008665511265164644,0.0021853146853146855
860,0.0006932409012131716,0.0013111888111888112
861,0.0001733102253032929,0.0
862,0.029116117850953208,0.056818181818181816
863,0.012824956672443674,0.005244755244755245
864,0.0,0.00043706293706293706
865,0.0020797227036395147,0.0021853146853146855
866,0.0,0.005244755244755245
867,0.0,0.00043706293706293706
868,0.0013864818024263432,0.0013111888111888112
869,0.0,0.0
870,0.009705372616984401,0.0
871,0.004332755632582322,0.004370629370629371
872,0.0001733102253032929,0.0
873,0.0019064124783362219,0.0
874,0.0001733102253032929,0.0
875,0.006065857885615251,0.00743006993006993
876,0.0001733102253032929,0.0
877,0.0008665511265164644,0.0
878,0.0005199306759098787,0.0008741258741258741
879,0.0005199306759098787,0.0
880,0.0,0.0026223776223776225
881,0.0001733102253032929,0.0
882,0.0003466204506065858,0.00043706293706293706
883,0.010051993067590987,0.007867132867132868
884,0.0010398613518197574,0.0008741258741258741
885,0.0008665511265164644,0.0
886,0.0006932409012131716,0.0
887,0.0010398613518197574,0.0
888,0.026689774696707105,0.09833916083916083
889,0.0,0.0
890,0.0006932409012131716,0.0
891,0.004332755632582322,0.0026223776223776225
892,0.0,0.00043706293706293706
893,0.0020797227036395147,0.0034965034965034965
894,0.0010398613518197574,0.0017482517482517483
895,0.018370883882149046,0.017482517482517484
896,0.0005199306759098787,0.0
897,0.0010398613518197574,0.0
898,0.003119584055459272,0.0
899,0.0012131715771230502,0.007867132867132868
900,0.0001733102253032929,0.0
901,0.0008665511265164644,0.0
902,0.0003466204506065858,0.005244755244755245
903,0.0001733102253032929,0.0
904,0.0012131715771230502,0.00043706293706293706
905,0.0005199306759098787,0.0
906,0.0008665511265164644,0.0
907,0.0010398613518197574,0.00043706293706293706
908,0.0003466204506065858,0.0
909,0.15389948006932408,0.2403846153846154
910,0.14696707105719237,0.2263986013986014
911,0.0,0.00043706293706293706
912,0.0,0.0021853146853146855
913,0.0010398613518197574,0.0034965034965034965
914,0.0003466204506065858,0.0
915,0.0003466204506065858,0.0008741258741258741
916,0.0003466204506065858,0.0
917,0.0020797227036395147,0.011363636363636364
918,0.0003466204506065858,0.0
919,0.0,0.0008741258741258741
920,0.0,0.004370629370629371
921,0.0008665511265164644,0.00043706293706293706
922,0.008665511265164644,0.011363636363636364
923,0.0008665511265164644,0.0021853146853146855
924,0.0,0.006118881118881119
925,0.005545927209705373,0.009178321678321678
926,0.0,0.0017482517482517483
927,0.0010398613518197574,0.0013111888111888112
928,0.0005199306759098787,0.0013111888111888112
929,0.0010398613518197574,0.0
930,0.0001733102253032929,0.0
931,0.0,0.0008741258741258741
932,0.0,0.0021853146853146855
933,0.0050259965337954935,0.021416083916083916
934,0.0005199306759098787,0.0
935,0.0006932409012131716,0.00043706293706293706
936,0.751473136915078,1.368006993006993
937,0.18440207972270364,0.32211538461538464
938,0.0001733102253032929,0.0
939,0.0,0.00043706293706293706
940,0.0003466204506065858,0.0
941,0.0010398613518197574,0.0
942,0.06031195840554593,0.1271853146853147
943,0.0013864818024263432,0.0
944,0.0001733102253032929,0.0
945,0.0,0.0021853146853146855
946,0.0,0.0017482517482517483
947,0.0001733102253032929,0.0
948,0.0,0.0026223776223776225
949,0.0,0.0021853146853146855
950,0.0020797227036395147,0.004370629370629371
951,0.010225303292894282,0.057692307692307696
952,0.0001733102253032929,0.00043706293706293706
953,0.0001733102253032929,0.0
954,0.0,0.0017482517482517483
955,0.0010398613518197574,0.0
956,0.004852686308492201,0.004807692307692308
957,0.003292894280762565,0.006555944055944056
958,0.0,0.00043706293706293706
959,0.0001733102253032929,0.0030594405594405595
960,0.0,0.00043706293706293706
961,0.0,0.00043706293706293706
962,0.0001733102253032929,0.0
963,0.0001733102253032929,0.0
964,0.006239168110918544,0.01048951048951049
965,0.010225303292894282,0.06118881118881119
966,0.0001733102253032929,0.00043706293706293706
967,0.0,0.0021853146853146855
968,0.0,0.0
969,0.036915077989601384,0.0625
970,0.0001733102253032929,0.0
971,0.0,0.0021853146853146855
972,0.0,0.00043706293706293706
973,0.011091854419410746,0.016608391608391608
974,0.0,0.0021853146853146855
975,0.0027729636048526864,0.0030594405594405595
976,0.0001733102253032929,0.0
977,0.0006932409012131716,0.0
978,0.0,0.00043706293706293706
979,0.003119584055459272,0.0030594405594405595
980,0.0001733102253032929,0.0
981,0.0,0.0021853146853146855
982,0.0005199306759098787,0.0
983,0.0010398613518197574,0.0
984,0.0,0.00043706293706293706
985,0.0012131715771230502,0.006993006993006993
986,0.0034662045060658577,0.015734265734265736
987,0.0001733102253032929,0.0
988,0.0,0.0
989,0.0022530329289428075,0.0026223776223776225
990,0.0,0.00043706293706293706
991,0.0001733102253032929,0.0
992,0.0034662045060658577,0.0026223776223776225
993,0.0,0.0021853146853146855
994,0.0003466204506065858,0.0008741258741258741
995,0.0001733102253032929,0.0
996,0.0,0.00043706293706293706
997,0.0001733102253032929,0.0
998,0.0006932409012131716,0.0
999,0.0,0.0
1000,0.0008665511265164644,0.0
1001,0.0012131715771230502,0.0
1002,0.0006932409012131716,0.0
1003,0.0003466204506065858,0.009615384615384616
1004,0.0,0.0017482517482517483
1005,0.0,0.00043706293706293706
1006,0.0,0.0
1007,0.0001733102253032929,0.0
1008,0.0027729636048526864,0.0026223776223776225
1009,0.0001733102253032929,0.0
1010,0.0017331022530329288,0.005244755244755245
1011,0.001559792027729636,0.0
1012,0.0,0.0013111888111888112
1013,0.0,0.0021853146853146855
1014,0.0010398613518197574,0.0021853146853146855
1015,0.005199306759098787,0.006993006993006993
1016,0.0017331022530329288,0.004807692307692308
1017,0.0019064124783362219,0.0017482517482517483
1018,0.0,0.0021853146853146855
1019,0.0,0.0021853146853146855
1020,0.0,0.0017482517482517483
1021,0.0001733102253032929,0.0
1022,0.003639514731369151,0.005244755244755245
1023,0.011091854419410746,0.02666083916083916
1024,0.0001733102253032929,0.0
1025,0.0010398613518197574,0.014423076923076924
1026,0.0001733102253032929,0.0
1027,0.0001733102253032929,0.00043706293706293706
1028,0.0,0.0026223776223776225
1029,0.0005199306759098787,0.0
1030,0.0008665511265164644,0.003933566433566434
1031,0.0,0.0
1032,0.0024263431542461003,0.0008741258741258741
1033,0.004506065857885615,0.0008741258741258741
1034,0.007105719237435009,0.010052447552447552
1035,0.0008665511265164644,0.0026223776223776225
1036,0.0001733102253032929,0.0013111888111888112
1037,0.02339688041594454,0.028409090909090908
1038,0.003292894280762565,0.0
1039,0.0,0.0013111888111888112
1040,0.0,0.0
1041,0.0003466204506065858,0.0
1042,0.0006932409012131716,0.0
1043,0.0,0.00743006993006993
1044,0.005545927209705373,0.009615384615384616
1045,0.008492201039861352,0.00743006993006993
1046,0.0008665511265164644,0.006993006993006993
1047,0.0008665511265164644,0.0
1048,0.0003466204506065858,0.003933566433566434
1049,0.0,0.0013111888111888112
1050,0.0006932409012131716,0.0
1051,0.0,0.0017482517482517483
1052,0.0008665511265164644,0.0
1053,0.0005199306759098787,0.0
1054,0.0,0.0
1055,0.0,0.0
1056,0.004679376083188908,0.006555944055944056
1057,0.0,0.0
1058,0.0,0.0021853146853146855
1059,0.0012131715771230502,0.0
1060,0.0,0.005244755244755245
1061,0.0001733102253032929,0.0
1062,0.0010398613518197574,0.00043706293706293706
1063,0.0010398613518197574,0.0017482517482517483
1064,0.0008665511265164644,0.00043706293706293706
1065,0.004679376083188908,0.0026223776223776225
1066,0.0076256499133448875,0.006993006993006993
1067,0.0001733102253032929,0.0
1068,0.0010398613518197574,0.0034965034965034965
1069,0.003639514731369151,0.0026223776223776225
1070,0.0003466204506065858,0.0030594405594405595
1071,0.0006932409012131716,0.0
1072,0.0,0.0
1073,0.006412478336221837,0.017482517482517484
1074,0.0024263431542461003,0.006555944055944056
1075,0.004852686308492201,0.009178321678321678
1076,0.0,0.0
1077,0.0,0.00043706293706293706
1078,0.0019064124783362219,0.0021853146853146855
1079,0.0010398613518197574,0.009615384615384616
1080,0.007105719237435009,0.025786713286713288
1081,0.0013864818024263432,0.007867132867132868
1082,0.0013864818024263432,0.009178321678321678
1083,0.0001733102253032929,0.0
1084,0.0001733102253032929,0.0
1085,0.0,0.0021853146853146855
1086,0.0012131715771230502,0.015297202797202798
1087,0.0,0.00043706293706293706
1088,0.0001733102253032929,0.0
1089,0.0001733102253032929,0.0
1090,0.0001733102253032929,0.0
1091,0.05979202772963605,0.10795454545454546
1092,0.003639514731369151,0.0034965034965034965
1093,0.0,0.0
1094,0.03847487001733102,0.057692307692307696
1095,0.0001733102253032929,0.0021853146853146855
1096,0.0001733102253032929,0.0
1097,0.0029462738301559792,0.013986013986013986
1098,0.0005199306759098787,0.0
1099,0.0003466204506065858,0.00043706293706293706
1100,0.0,0.0017482517482517483
1101,0.0,0.0026223776223776225
1102,0.0003466204506065858,0.00043706293706293706
1103,0.0,0.00043706293706293706
1104,0.0001733102253032929,0.0017482517482517483
1105,0.0025996533795493936,0.009178321678321678
1106,0.0029462738301559792,0.01048951048951049
1107,0.008492201039861352,0.006555944055944056
1108,0.01733102253032929,0.024912587412587412
1109,0.0001733102253032929,0.0
1110,0.0022530329289428075,0.00043706293706293706
1111,0.0,0.0026223776223776225
1112,0.0006932409012131716,0.0
1113,0.0003466204506065858,0.0
1114,0.0,0.0021853146853146855
1115,0.0,0.0026223776223776225
1116,0.04298093587521664,0.07124125874125874
1117,0.0003466204506065858,0.0
1118,0.0001733102253032929,0.00043706293706293706
1119,0.0,0.00043706293706293706
1120,0.0001733102253032929,0.0021853146853146855
1121,0.0003466204506065858,0.0
1122,0.0003466204506065858,0.0
1123,0.0006932409012131716,0.0
1124,0.0,0.0017482517482517483
1125,0.18682842287694973,0.2902097902097902
1126,0.0010398613518197574,0.0
1127,0.0001733102253032929,0.0
1128,0.003986135181975737,0.0017482517482517483
1129,0.003986135181975737,0.006555944055944056
1130,0.0003466204506065858,0.00743006993006993
1131,0.0006932409012131716,0.003933566433566434
1132,0.0010398613518197574,0.00043706293706293706
1133,0.0003466204506065858,0.0
1134,0.0019064124783362219,0.0013111888111888112
1135,0.0001733102253032929,0.0
1136,0.0010398613518197574,0.0
1137,0.0003466204506065858,0.0
1138,0.021663778162911613,0.05856643356643357
1139,0.0010398613518197574,0.004807692307692308
1140,0.016291161178509532,0.032342657342657344
1141,0.0005199306759098787,0.0
1142,0.0013864818024263432,0.00043706293706293706
1143,0.0010398613518197574,0.0
1144,0.0,0.0013111888111888112
1145,0.0,0.00043706293706293706
1146,0.0,0.0021853146853146855
1147,0.0001733102253032929,0.0
1148,0.0008665511265164644,0.0
1149,0.0001733102253032929,0.004370629370629371
1150,0.0,0.0026223776223776225
1151,0.004159445407279029,0.012674825174825174
1152,0.014211438474870018,0.005244755244755245
1153,0.0001733102253032929,0.0026223776223776225
1154,0.003119584055459272,0.0021853146853146855
1155,0.0003466204506065858,0.003933566433566434
1156,0.0010398613518197574,0.0
1157,0.0001733102253032929,0.0
1158,0.0010398613518197574,0.0
1159,0.0020797227036395147,0.007867132867132868
1160,0.0001733102253032929,0.0
1161,0.0001733102253032929,0.005244755244755245
1162,0.0,0.00043706293706293706
1163,0.05667244367417678,0.05550699300699301
1164,0.0008665511265164644,0.0021853146853146855
1165,0.0017331022530329288,0.0017482517482517483
1166,0.0,0.0017482517482517483
1167,0.03240901213171577,0.0034965034965034965
1168,0.0017331022530329288,0.0034965034965034965
1169,0.0003466204506065858,0.0
1170,0.0034662045060658577,0.005244755244755245
1171,0.0005199306759098787,0.0034965034965034965
1172,0.0012131715771230502,0.014423076923076924
1173,0.0013864818024263432,0.0118006993006993
1174,0.14003466204506065,0.26136363636363635
1175,0.0001733102253032929,0.0
1176,0.0010398613518197574,0.010052447552447552
1177,0.0010398613518197574,0.00043706293706293706
1178,0.0006932409012131716,0.0013111888111888112
1179,0.030155979202772965,0.04326923076923077
1180,0.0001733102253032929,0.0
1181,0.003986135181975737,0.00743006993006993
1182,0.0001733102253032929,0.0
1183,0.0029462738301559792,0.0021853146853146855
1184,0.0019064124783362219,0.003933566433566434
1185,0.0,0.00043706293706293706
1186,0.0003466204506065858,0.00043706293706293706
1187,0.050606585788561524,0.1215034965034965
1188,0.0001733102253032929,0.0
1189,0.0001733102253032929,0.0
1190,0.0019064124783362219,0.0034965034965034965
1191,0.0001733102253032929,0.0
1192,0.0001733102253032929,0.0
1193,0.0010398613518197574,0.0
1194,0.0,0.0017482517482517483
1195,0.0038128249566724438,0.0017482517482517483
1196,0.01386481802426343,0.027534965034965036
1197,0.0008665511265164644,0.003933566433566434
1198,0.0006932409012131716,0.0
1199,0.0,0.0030594405594405595
1200,0.0,0.00043706293706293706
1201,0.0010398613518197574,0.0
1202,0.0,0.0013111888111888112
1203,0.0003466204506065858,0.0
1204,0.0,0.0
1205,0.0,0.00043706293706293706
1206,0.0001733102253032929,0.0
1207,0.0,0.0
1208,0.3509532062391681,0.5314685314685315
1209,0.0022530329289428075,0.0021853146853146855
1210,0.001559792027729636,0.0034965034965034965
1211,0.0001733102253032929,0.006118881118881119
1212,0.01750433275563258,0.013548951048951048
1213,0.0,0.0
1214,0.0001733102253032929,0.0013111888111888112
1215,0.0,0.00043706293706293706
1216,0.0001733102253032929,0.0
1217,0.004679376083188908,0.0030594405594405595
1218,0.0025996533795493936,0.0
1219,0.0012131715771230502,0.0
1220,0.0,0.00043706293706293706
1221,0.003639514731369151,0.0
1222,0.0,0.0021853146853146855
1223,0.004332755632582322,0.01791958041958042
1224,0.0008665511265164644,0.0
1225,0.03864818024263431,0.021853146853146852
1226,0.0020797227036395147,0.009615384615384616
1227,0.008145580589254766,0.008741258741258742
1228,0.0,0.00043706293706293706
1229,0.13760831889081457,0.2880244755244755
1230,0.0050259965337954935,0.004370629370629371
1231,0.017157712305025996,0.018793706293706292
1232,0.005719237435008666,0.010052447552447552
1233,0.0001733102253032929,0.0008741258741258741
1234,0.0006932409012131716,0.006555944055944056
1235,0.0,0.0017482517482517483
1236,0.0,0.0021853146853146855
1237,0.028769497400346622,0.036276223776223776
1238,0.0029462738301559792,0.007867132867132868
1239,0.0,0.0021853146853146855
1240,0.0,0.0008741258741258741
1241,0.0005199306759098787,0.0
1242,0.0010398613518197574,0.0013111888111888112
1243,0.0,0.0
1244,0.0,0.004807692307692308
1245,0.019410745233968803,0.062062937062937064
1246,0.0038128249566724438,0.03715034965034965
1247,0.011091854419410746,0.0
1248,0.0003466204506065858,0.0
1249,0.0,0.00043706293706293706
1250,0.0001733102253032929,0.0008741258741258741
1251,0.011785095320623917,0.039335664335664336
1252,0.0,0.0
1253,0.003292894280762565,0.010052447552447552
1254,0.0,0.005244755244755245
1255,0.0,0.0026223776223776225
1256,0.0001733102253032929,0.0
1257,0.0050259965337954935,0.0021853146853146855
1258,0.0,0.0013111888111888112
1259,0.02755632582322357,0.04195804195804196
1260,0.004679376083188908,0.017482517482517484
1261,0.08630849220103987,0.17132867132867133
1262,0.0008665511265164644,0.0
1263,0.0,0.00043706293706293706
1264,0.0020797227036395147,0.004807692307692308
1265,0.0008665511265164644,0.0
1266,0.0001733102253032929,0.0
1267,0.0,0.0021853146853146855
1268,0.0,0.00043706293706293706
1269,0.049393414211438474,0.024475524475524476
1270,0.0008665511265164644,0.0
1271,0.0019064124783362219,0.0026223776223776225
1272,0.0001733102253032929,0.0
1273,0.003292894280762565,0.006555944055944056
1274,0.0008665511265164644,0.0017482517482517483
1275,0.0001733102253032929,0.0
1276,0.0,0.0017482517482517483
1277,0.0,0.0021853146853146855
1278,0.028769497400346622,0.04108391608391608
1279,0.008492201039861352,0.004370629370629371
1280,0.0001733102253032929,0.0
1281,0.0,0.0026223776223776225
1282,0.0,0.0013111888111888112
1283,0.0013864818024263432,0.0
1284,0.0,0.0021853146853146855
1285,0.0001733102253032929,0.0
1286,0.0017331022530329288,0.0
1287,0.0,0.00043706293706293706
1288,0.0001733102253032929,0.0
1289,0.012131715771230503,0.013548951048951048
1290,0.0010398613518197574,0.0
1291,0.0005199306759098787,0.0
1292,0.04176776429809359,0.056818181818181816
1293,0.0008665511265164644,0.0026223776223776225
1294,0.0008665511265164644,0.00043706293706293706
1295,0.0001733102253032929,0.0026223776223776225
1296,0.0012131715771230502,0.00743006993006993
1297,0.0006932409012131716,0.0
1298,0.0003466204506065858,0.00043706293706293706
1299,0.0027729636048526864,0.00043706293706293706
1300,0.0,0.00043706293706293706
1301,0.06481802426343154,0.08872377622377622
1302,0.0003466204506065858,0.005244755244755245
1303,0.01923743500866551,0.03277972027972028
1304,0.0,0.0026223776223776225
1305,0.0,0.0026223776223776225
1306,0.0,0.0021853146853146855
1307,0.0020797227036395147,0.00043706293706293706
1308,0.0029462738301559792,0.0021853146853146855
1309,0.07937608318890814,0.13155594405594406
1310,0.1558058925476603,0.2486888111888112
1311,0.0001733102253032929,0.0
1312,0.0005199306759098787,0.0021853146853146855
1313,0.0,0.00043706293706293706
1314,0.0010398613518197574,0.00043706293706293706
1315,0.0001733102253032929,0.0
1316,0.0,0.00043706293706293706
1317,0.0,0.00043706293706293706
1318,0.0008665511265164644,0.00043706293706293706
1319,0.0008665511265164644,0.0
1320,0.0020797227036395147,0.005244755244755245
1321,0.0001733102253032929,0.0026223776223776225
1322,0.0010398613518197574,0.0
1323,0.0,0.0
1324,0.0001733102253032929,0.0
1325,0.0220103986135182,0.036276223776223776
1326,0.0008665511265164644,0.0
1327,0.0006932409012131716,0.0
1328,0.0,0.0017482517482517483
1329,0.0001733102253032929,0.0
1330,0.0019064124783362219,0.0
1331,0.0020797227036395147,0.0030594405594405595
1332,0.0001733102253032929,0.0
1333,0.0008665511265164644,0.0008741258741258741
1334,0.0,0.0017482517482517483
1335,0.0,0.0008741258741258741
1336,0.0001733102253032929,0.00743006993006993
1337,0.0006932409012131716,0.0017482517482517483
1338,0.0,0.0
1339,0.0,0.0013111888111888112
1340,0.0017331022530329288,0.0021853146853146855
1341,0.0,0.0
1342,0.0,0.0026223776223776225
1343,0.0,0.004370629370629371
1344,0.0,0.0021853146853146855
1345,0.0003466204506065858,0.0030594405594405595
1346,0.03396880415944541,0.08697552447552448
1347,0.0001733102253032929,0.0
1348,0.0010398613518197574,0.0017482517482517483
1349,0.0,0.00043706293706293706
1350,0.0006932409012131716,0.0
1351,0.0025996533795493936,0.0017482517482517483
1352,0.0058925476603119585,0.0030594405594405595
1353,0.024783362218370884,0.020104895104895104
1354,0.0,0.00043706293706293706
1355,0.0038128249566724438,0.0030594405594405595
1356,0.0001733102253032929,0.0
1357,0.0,0.00043706293706293706
1358,0.0,0.00043706293706293706
1359,0.0,0.0026223776223776225
1360,0.0010398613518197574,0.0
1361,0.0001733102253032929,0.0
1362,0.0001733102253032929,0.0
1363,0.0,0.0013111888111888112
1364,0.0010398613518197574,0.0008741258741258741
1365,0.0012131715771230502,0.0
1366,0.0013864818024263432,0.0017482517482517483
1367,0.0006932409012131716,0.003933566433566434
1368,0.0,0.0017482517482517483
1369,0.0017331022530329288,0.0
1370,0.0006932409012131716,0.0
1371,0.0006932409012131716,0.005681818181818182
1372,0.003986135181975737,0.0030594405594405595
1373,0.0001733102253032929,0.0008741258741258741
1374,0.0006932409012131716,0.0
1375,0.015424610051993068,0.03365384615384615
1376,0.01681109185441941,0.06118881118881119
1377,0.0006932409012131716,0.00043706293706293706
1378,0.0006932409012131716,0.0
1379,0.0001733102253032929,0.0
1380,0.0003466204506065858,0.0
1381,0.0024263431542461003,0.0
1382,0.015424610051993068,0.017482517482517484
1383,0.03431542461005199,0.07910839160839161
1384,0.0003466204506065858,0.0
1385,0.0010398613518197574,0.0026223776223776225
1386,0.0001733102253032929,0.00043706293706293706
1387,0.022357019064124784,0.03802447552447553
1388,0.0008665511265164644,0.0008741258741258741
1389,0.0001733102253032929,0.00743006993006993
1390,0.0010398613518197574,0.0
1391,0.0001733102253032929,0.0
1392,0.1464471403812825,0.23076923076923078
1393,0.003292894280762565,0.008741258741258742
1394,0.0005199306759098787,0.005681818181818182
1395,0.0001733102253032929,0.0
1396,0.004159445407279029,0.0021853146853146855
1397,0.0003466204506065858,0.0017482517482517483
1398,0.0001733102253032929,0.0
1399,0.0005199306759098787,0.0
1400,0.0008665511265164644,0.003933566433566434
1401,0.0001733102253032929,0.0
1402,0.0003466204506065858,0.0
1403,0.0008665511265164644,0.0
1404,0.0008665511265164644,0.0
1405,0.0001733102253032929,0.00043706293706293706
1406,0.0001733102253032929,0.0017482517482517483
1407,0.0003466204506065858,0.0021853146853146855
1408,0.0,0.00043706293706293706
1409,0.0,0.0
1410,0.0008665511265164644,0.00043706293706293706
1411,0.0012131715771230502,0.0
1412,0.0001733102253032929,0.0
1413,0.0005199306759098787,0.0
1414,0.0013864818024263432,0.0
1415,0.0001733102253032929,0.00043706293706293706
1416,0.0,0.0013111888111888112
1417,0.0005199306759098787,0.0
1418,0.003639514731369151,0.005681818181818182
1419,0.018890814558058924,0.06861888111888112
1420,0.001559792027729636,0.0030594405594405595
1421,0.0012131715771230502,0.0017482517482517483
1422,0.0008665511265164644,0.0013111888111888112
1423,0.0008665511265164644,0.0
1424,0.0006932409012131716,0.0
1425,0.0006932409012131716,0.0017482517482517483
1426,0.0020797227036395147,0.0
1427,0.001559792027729636,0.0
1428,0.21126516464471404,0.42744755244755245
1429,0.0019064124783362219,0.004370629370629371
1430,0.19774696707105718,0.27884615384615385
1431,0.0003466204506065858,0.0
1432,0.0005199306759098787,0.0
1433,0.4175043327556326,0.8020104895104895
1434,0.0003466204506065858,0.0017482517482517483
1435,0.0006932409012131716,0.00043706293706293706
1436,0.0006932409012131716,0.0
1437,0.0,0.0
1438,0.0001733102253032929,0.00043706293706293706
1439,0.0020797227036395147,0.0013111888111888112
1440,0.26655112651646445,0.5651223776223776
1441,0.0003466204506065858,0.0008741258741258741
1442,0.04228769497400347,0.08085664335664336
1443,0.012651646447140381,0.01048951048951049
1444,0.001559792027729636,0.006993006993006993
1445,0.0006932409012131716,0.0
1446,0.0,0.00043706293706293706
1447,0.0010398613518197574,0.0
1448,0.0006932409012131716,0.0
1449,0.0708838821490468,0.14903846153846154
1450,0.0,0.00043706293706293706
1451,0.0010398613518197574,0.006118881118881119
1452,0.0001733102253032929,0.0
1453,0.0029462738301559792,0.0021853146853146855
1454,0.0,0.0021853146853146855
1455,0.0,0.0026223776223776225
1456,0.25511265164644714,0.4798951048951049
1457,0.0027729636048526864,0.0026223776223776225
1458,0.0,0.0008741258741258741
1459,0.0006932409012131716,0.00043706293706293706
1460,0.0020797227036395147,0.0026223776223776225
1461,0.005719237435008666,0.010052447552447552
1462,0.0,0.0017482517482517483
1463,0.0,0.00043706293706293706
1464,0.0008665511265164644,0.005681818181818182
1465,0.02772963604852686,0.07517482517482517
1466,0.0017331022530329288,0.009178321678321678
1467,0.0020797227036395147,0.0008741258741258741
1468,0.0001733102253032929,0.0
1469,0.0022530329289428075,0.0
1470,0.010051993067590987,0.02097902097902098
1471,0.0019064124783362219,0.013111888111888112
1472,0.0017331022530329288,0.00043706293706293706
1473,0.0008665511265164644,0.0
1474,0.00779896013864818,0.023164335664335664
1475,0.0010398613518197574,0.0008741258741258741
1476,0.0013864818024263432,0.003933566433566434
1477,0.003292894280762565,0.003933566433566434
1478,0.0001733102253032929,0.0
1479,0.0,0.0021853146853146855
1480,0.0,0.0026223776223776225
1481,0.0017331022530329288,0.008741258741258742
1482,0.0008665511265164644,0.0
1483,0.0008665511265164644,0.0
1484,0.0001733102253032929,0.0
1485,0.008492201039861352,0.03365384615384615
1486,0.0,0.0
1487,0.0001733102253032929,0.0
1488,0.003292894280762565,0.0026223776223776225
1489,0.0,0.0017482517482517483
1490,0.0001733102253032929,0.0
1491,0.0010398613518197574,0.0
1492,0.0001733102253032929,0.0
1493,0.0,0.0008741258741258741
1494,0.0001733102253032929,0.0
1495,0.005199306759098787,0.004370629370629371
1496,0.010918544194107453,0.023164335664335664
1497,0.0001733102253032929,0.00043706293706293706
1498,0.0,0.0
1499,0.0,0.00043706293706293706
1500,0.0008665511265164644,0.0
1501,0.0,0.0034965034965034965
1502,0.0,0.0013111888111888112
1503,0.0012131715771230502,0.00043706293706293706
1504,0.0006932409012131716,0.0
1505,0.0005199306759098787,0.0
1506,0.0006932409012131716,0.0
1507,0.0012131715771230502,0.0
1508,0.0005199306759098787,0.0
1509,0.0010398613518197574,0.00043706293706293706
1510,0.0001733102253032929,0.0
1511,0.0017331022530329288,0.00043706293706293706
1512,0.0001733102253032929,0.0
1513,0.0,0.0
1514,0.0001733102253032929,0.0
1515,0.0,0.00043706293706293706
1516,0.0,0.00043706293706293706
1517,0.0,0.0
1518,0.0,0.0
1519,0.0008665511265164644,0.0
1520,0.008492201039861352,0.006993006993006993
1521,0.0010398613518197574,0.011363636363636364
1522,0.004159445407279029,0.013548951048951048
1523,0.8020797227036395,1.3706293706293706
1524,0.003119584055459272,0.0030594405594405595
1525,0.01074523396880416,0.0236013986013986
1526,0.0010398613518197574,0.0017482517482517483
1527,0.00537261698440208,0.012237762237762238
1528,0.0050259965337954935,0.0021853146853146855
1529,0.0001733102253032929,0.0
1530,0.01074523396880416,0.016171328671328672
1531,0.0,0.0026223776223776225
1532,0.0010398613518197574,0.0
1533,0.0001733102253032929,0.0026223776223776225
1534,0.0003466204506065858,0.0
1535,0.0012131715771230502,0.003933566433566434
1536,0.0001733102253032929,0.0
1537,0.0006932409012131716,0.0
1538,0.0,0.0
1539,0.0012131715771230502,0.00043706293706293706
1540,0.0008665511265164644,0.003933566433566434
1541,0.0001733102253032929,0.004807692307692308
1542,0.005545927209705373,0.024475524475524476
1543,0.003292894280762565,0.007867132867132868
1544,0.0,0.00043706293706293706
1545,0.0010398613518197574,0.0008741258741258741
1546,0.0012131715771230502,0.0034965034965034965
1547,0.0,0.0030594405594405595
1548,0.0,0.00043706293706293706
1549,0.0013864818024263432,0.0021853146853146855
1550,0.0,0.0
1551,0.0001733102253032929,0.0026223776223776225
1552,0.012998266897746967,0.048513986013986016
1553,0.0001733102253032929,0.0
1554,0.0008665511265164644,0.00043706293706293706
1555,0.0001733102253032929,0.00743006993006993
1556,0.0003466204506065858,0.0017482517482517483
1557,0.0,0.0017482517482517483
1558,0.011265164644714038,0.031031468531468532
1559,0.14523396880415945,0.25655594405594406
1560,0.0,0.00043706293706293706
1561,0.0008665511265164644,0.0
1562,0.01317157712305026,0.017482517482517484
1563,0.0005199306759098787,0.0034965034965034965
1564,0.0001733102253032929,0.0
1565,0.0008665511265164644,0.0
1566,0.7733102253032929,1.3221153846153846
1567,0.0,0.0021853146853146855
1568,0.0005199306759098787,0.0
1569,0.0001733102253032929,0.0
1570,0.0005199306759098787,0.0
1571,0.008838821490467937,0.026223776223776224
1572,0.0001733102253032929,0.0
1573,0.0001733102253032929,0.0
1574,0.0020797227036395147,0.0118006993006993
1575,0.0,0.0
1576,0.0,0.0017482517482517483
1577,0.0001733102253032929,0.0
1578,0.0,0.004807692307692308
1579,0.0,0.0017482517482517483
1580,0.0,0.0021853146853146855
1581,0.0008665511265164644,0.007867132867132868
1582,0.0005199306759098787,0.016171328671328672
1583,0.0017331022530329288,0.004370629370629371
1584,0.0001733102253032929,0.0
1585,0.0005199306759098787,0.0
1586,0.0010398613518197574,0.0026223776223776225
1587,0.0008665511265164644,0.0
1588,0.0024263431542461003,0.00043706293706293706
1589,0.0010398613518197574,0.0008741258741258741
1590,0.0001733102253032929,0.0
1591,0.0022530329289428075,0.011363636363636364
1592,0.0027729636048526864,0.00043706293706293706
1593,0.0001733102253032929,0.0030594405594405595
1594,0.004506065857885615,0.0026223776223776225
1595,0.1712305025996534,0.3492132867132867
1596,0.003986135181975737,0.0030594405594405595
1597,0.0001733102253032929,0.0
1598,0.0001733102253032929,0.0
1599,0.0001733102253032929,0.0
1600,0.0003466204506065858,0.00043706293706293706
1601,0.12547660311958406,0.381993006993007
1602,0.0,0.00043706293706293706
1603,0.0001733102253032929,0.0
1604,0.0,0.0017482517482517483
1605,0.0003466204506065858,0.0
1606,0.0022530329289428075,0.006993006993006993
1607,0.0001733102253032929,0.00043706293706293706
1608,0.0001733102253032929,0.0
1609,0.0,0.00043706293706293706
1610,0.0022530329289428075,0.0013111888111888112
1611,0.0038128249566724438,0.010926573426573426
1612,0.0,0.0
1613,0.0003466204506065858,0.0
1614,0.0020797227036395147,0.0
1615,0.0,0.00043706293706293706
1616,0.0008665511265164644,0.0
1617,0.019410745233968803,0.004807692307692308
1618,0.0058925476603119585,0.006555944055944056
1619,0.004852686308492201,0.013986013986013986
1620,0.0001733102253032929,0.0
1621,0.0008665511265164644,0.0
1622,0.007972270363951473,0.007867132867132868
1623,0.0,0.00043706293706293706
1624,0.0,0.00043706293706293706
1625,0.0,0.00043706293706293706
1626,0.0003466204506065858,0.0
1627,0.008492201039861352,0.014423076923076924
1628,0.0,0.0021853146853146855
1629,0.0005199306759098787,0.0
1630,0.0,0.00043706293706293706
1631,0.0001733102253032929,0.0
1632,0.001559792027729636,0.0013111888111888112
1633,0.0008665511265164644,0.0
1634,0.1809358752166378,0.3151223776223776
1635,0.0005199306759098787,0.0026223776223776225
1636,0.0001733102253032929,0.0
1637,0.0008665511265164644,0.0
1638,0.0006932409012131716,0.0
1639,0.0024263431542461003,0.009178321678321678
1640,0.0,0.00043706293706293706
1641,0.0013864818024263432,0.0021853146853146855
1642,0.0006932409012131716,0.0
1643,0.0001733102253032929,0.0
1644,0.04315424610051993,0.06993006993006994
1645,0.0,0.0
1646,0.007105719237435009,0.045454545454545456
1647,0.04922010398613518,0.018793706293706292
1648,0.0022530329289428075,0.0
1649,0.005545927209705373,0.016608391608391608
1650,0.0,0.0
1651,0.0,0.0017482517482517483
1652,0.014211438474870018,0.06293706293706294
1653,0.0220103986135182,0.06687062937062938
1654,0.0013864818024263432,0.0
1655,0.015771230502599654,0.01486013986013986
1656,0.0,0.006555944055944056
1657,0.0001733102253032929,0.0021853146853146855
1658,0.0003466204506065858,0.0
1659,0.0008665511265164644,0.0017482517482517483
1660,0.003986135181975737,0.007867132867132868
1661,0.0,0.0026223776223776225
1662,0.004332755632582322,0.003933566433566434
1663,0.0,0.00043706293706293706
1664,0.0,0.0
1665,0.0006932409012131716,0.0
1666,0.0005199306759098787,0.0008741258741258741
1667,0.09376083188908145,0.11844405594405595
1668,0.0003466204506065858,0.0
1669,0.0008665511265164644,0.0
1670,0.0,0.0
1671,0.0,0.00043706293706293706
1672,0.017157712305025996,0.038461538461538464
1673,0.003119584055459272,0.014423076923076924
1674,0.001559792027729636,0.003933566433566434
1675,0.0001733102253032929,0.0
1676,0.006759098786828423,0.008304195804195804
1677,0.0001733102253032929,0.0008741258741258741
1678,0.0001733102253032929,0.0
1679,0.0006932409012131716,0.0
1680,0.0010398613518197574,0.0
1681,0.0003466204506065858,0.0008741258741258741
1682,0.0,0.0013111888111888112
1683,0.0006932409012131716,0.0
1684,0.06169844020797227,0.035402097902097904
1685,0.0,0.00043706293706293706
1686,0.0001733102253032929,0.0
1687,0.0,0.00043706293706293706
1688,0.0,0.0017482517482517483
1689,0.0008665511265164644,0.0
1690,0.0,0.00043706293706293706
1691,0.01386481802426343,0.0236013986013986
1692,0.0001733102253032929,0.0
1693,0.008665511265164644,0.011363636363636364
1694,0.015424610051993068,0.028409090909090908
1695,0.0003466204506065858,0.0
1696,0.0,0.00043706293706293706
1697,0.0,0.00043706293706293706
1698,0.0012131715771230502,0.0
1699,0.027902946273830154,0.009615384615384616
1700,0.0010398613518197574,0.008304195804195804
1701,0.0,0.0
1702,0.0010398613518197574,0.0026223776223776225
1703,0.0001733102253032929,0.0
1704,0.0,0.0017482517482517483
1705,0.0001733102253032929,0.0
1706,0.0012131715771230502,0.006993006993006993
1707,0.0,0.0026223776223776225
1708,0.0008665511265164644,0.0021853146853146855
1709,0.015424610051993068,0.0236013986013986
1710,0.0019064124783362219,0.0021853146853146855
1711,0.0013864818024263432,0.0
1712,0.0025996533795493936,0.0
1713,0.0,0.004807692307692308
1714,0.0005199306759098787,0.0017482517482517483
1715,0.35199306759098786,0.7290209790209791
1716,0.0,0.00043706293706293706
1717,0.008838821490467937,0.018356643356643356
1718,0.005545927209705373,0.01048951048951049
1719,0.004852686308492201,0.0034965034965034965
1720,0.0,0.0
1721,0.010918544194107453,0.01791958041958042
1722,0.0,0.0
1723,0.0,0.0
1724,0.0012131715771230502,0.006993006993006993
1725,0.0038128249566724438,0.0034965034965034965
1726,0.008838821490467937,0.005681818181818182
1727,0.0003466204506065858,0.0
1728,0.0010398613518197574,0.0021853146853146855
1729,0.0019064124783362219,0.017045454545454544
1730,0.0001733102253032929,0.0
1731,0.0001733102253032929,0.0
1732,0.0,0.00043706293706293706
1733,0.004332755632582322,0.00043706293706293706
1734,0.0,0.00043706293706293706
1735,0.006065857885615251,0.0118006993006993
1736,0.0,0.00043706293706293706
1737,0.0,0.0013111888111888112
1738,0.0,0.004370629370629371
1739,0.0,0.00043706293706293706
1740,0.0001733102253032929,0.00043706293706293706
1741,0.10398613518197573,0.18181818181818182
1742,0.0,0.0021853146853146855
1743,0.0022530329289428075,0.013986013986013986
1744,0.0,0.0
1745,0.0,0.00043706293706293706
1746,0.0001733102253032929,0.0
1747,0.0019064124783362219,0.005244755244755245
1748,0.0,0.005244755244755245
1749,0.0010398613518197574,0.0008741258741258741
1750,0.0019064124783362219,0.0008741258741258741
1751,0.0003466204506065858,0.0
1752,0.023050259965337955,0.062062937062937064
1753,0.0008665511265164644,0.007867132867132868
1754,0.0,0.0017482517482517483
1755,0.0012131715771230502,0.006118881118881119
1756,0.0022530329289428075,0.005681818181818182
1757,0.0003466204506065858,0.003933566433566434
1758,0.01611785095320624,0.027534965034965036
1759,0.0012131715771230502,0.004370629370629371
1760,0.001559792027729636,0.0030594405594405595
1761,0.0,0.0030594405594405595
1762,0.006412478336221837,0.023164335664335664
1763,0.0,0.0
1764,0.0008665511265164644,0.0
1765,0.0,0.0021853146853146855
1766,0.0,0.0017482517482517483
1767,0.0001733102253032929,0.0
1768,0.0001733102253032929,0.0
1769,0.0020797227036395147,0.0026223776223776225
1770,0.004332755632582322,0.030594405594405596
1771,0.0,0.00043706293706293706
1772,0.0,0.0026223776223776225
1773,0.0,0.0017482517482517483
1774,0.0,0.0
1775,0.0010398613518197574,0.0013111888111888112
1776,0.0013864818024263432,0.010052447552447552
1777,0.0005199306759098787,0.0
1778,0.0010398613518197574,0.0
1779,0.0022530329289428075,0.0013111888111888112
1780,0.017677642980935875,0.04195804195804196
1781,0.0010398613518197574,0.005244755244755245
1782,0.006759098786828423,0.014423076923076924
1783,0.0027729636048526864,0.008741258741258742
1784,0.006065857885615251,0.008741258741258742
1785,0.016637781629116118,0.038461538461538464
1786,0.0019064124783362219,0.0017482517482517483
1787,0.0003466204506065858,0.0
1788,0.003986135181975737,0.005244755244755245
1789,0.12391681109185441,0.17089160839160839
1790,0.014558058925476604,0.04283216783216783
1791,0.0025996533795493936,0.005244755244755245
1792,0.0010398613518197574,0.0
1793,0.0006932409012131716,0.0
1794,0.0012131715771230502,0.004807692307692308
1795,0.0,0.0021853146853146855
1796,0.0025996533795493936,0.0026223776223776225
1797,0.004679376083188908,0.008304195804195804
1798,0.012651646447140381,0.005681818181818182
1799,0.004679376083188908,0.01048951048951049
1800,0.006932409012131715,0.031031468531468532
1801,0.0010398613518197574,0.0013111888111888112
1802,0.0,0.0021853146853146855
1803,0.0,0.0008741258741258741
1804,0.0001733102253032929,0.0
1805,0.0017331022530329288,0.00743006993006993
1806,0.0019064124783362219,0.0118006993006993
1807,0.0013864818024263432,0.004370629370629371
1808,0.02512998266897747,0.005681818181818182
1809,0.0029462738301559792,0.006118881118881119
1810,0.0006932409012131716,0.0
1811,0.0,0.0
1812,0.0001733102253032929,0.0
1813,0.0003466204506065858,0.0
1814,0.0013864818024263432,0.004807692307692308
1815,0.01559792027729636,0.05812937062937063
1816,0.0001733102253032929,0.0
1817,0.0001733102253032929,0.0021853146853146855
1818,0.0,0.0013111888111888112
1819,0.0001733102253032929,0.0008741258741258741
1820,0.005199306759098787,0.007867132867132868
1821,0.0,0.005681818181818182
1822,0.0,0.0
1823,0.0008665511265164644,0.0026223776223776225
1824,0.0003466204506065858,0.0034965034965034965
1825,0.0010398613518197574,0.0013111888111888112
1826,0.0,0.00043706293706293706
1827,0.0,0.00043706293706293706
1828,0.0010398613518197574,0.0030594405594405595
1829,0.0010398613518197574,0.00043706293706293706
1830,0.0001733102253032929,0.0
1831,0.0001733102253032929,0.0
1832,0.0,0.00043706293706293706
1833,0.0,0.0
1834,0.0003466204506065858,0.0
1835,0.0,0.0
1836,0.0008665511265164644,0.0026223776223776225
1837,0.05077989601386482,0.07867132867132867
1838,0.0,0.00043706293706293706
1839,0.0,0.0
1840,0.0003466204506065858,0.0013111888111888112
1841,0.0001733102253032929,0.00043706293706293706
1842,0.0006932409012131716,0.0013111888111888112
1843,0.0,0.0
1844,0.0,0.0026223776223776225
1845,0.013518197573656845,0.010926573426573426
1846,0.0022530329289428075,0.0021853146853146855
1847,0.0003466204506065858,0.0013111888111888112
1848,0.0001733102253032929,0.0
1849,0.0008665511265164644,0.00043706293706293706
1850,0.0,0.00043706293706293706
1851,0.0,0.0021853146853146855
1852,0.0,0.0
1853,0.0,0.0017482517482517483
1854,0.0006932409012131716,0.0
1855,0.6176776429809359,1.0646853146853146
1856,0.0,0.0
1857,0.0,0.00043706293706293706
1858,0.0006932409012131716,0.00043706293706293706
1859,0.0006932409012131716,0.0
1860,0.0,0.0008741258741258741
1861,0.0027729636048526864,0.0
1862,0.0,0.00043706293706293706
1863,0.0008665511265164644,0.0
1864,0.0,0.004370629370629371
1865,0.0019064124783362219,0.004807692307692308
1866,0.02755632582322357,0.027097902097902096
1867,0.0008665511265164644,0.0
1868,0.0005199306759098787,0.0013111888111888112
1869,0.0010398613518197574,0.006555944055944056
1870,0.0008665511265164644,0.005681818181818182
1871,0.003292894280762565,0.008304195804195804
1872,0.0005199306759098787,0.0
1873,0.0006932409012131716,0.0034965034965034965
1874,0.0025996533795493936,0.005681818181818182
1875,0.0010398613518197574,0.0026223776223776225
1876,0.0,0.0
1877,0.0,0.0021853146853146855
1878,0.0,0.004370629370629371
1879,0.0,0.0
1880,0.0,0.00043706293706293706
1881,0.0001733102253032929,0.0
1882,0.0013864818024263432,0.005244755244755245
1883,0.001559792027729636,0.00043706293706293706
1884,0.01681109185441941,0.053758741258741256
1885,0.0,0.0030594405594405595
1886,0.0006932409012131716,0.0
1887,0.0022530329289428075,0.0
1888,0.0001733102253032929,0.0
1889,0.003119584055459272,0.0013111888111888112
1890,0.6700173310225304,1.181381118881119
1891,0.0050259965337954935,0.042395104895104896
1892,0.02218370883882149,0.12456293706293706
1893,0.0022530329289428075,0.0021853146853146855
1894,0.0,0.0
1895,0.0008665511265164644,0.0021853146853146855
1896,0.0001733102253032929,0.0
1897,0.0,0.0
1898,0.0,0.013548951048951048
1899,0.0,0.0021853146853146855
1900,0.0,0.0021853146853146855
1901,0.0058925476603119585,0.005681818181818182
1902,0.0,0.0030594405594405595
1903,0.004506065857885615,0.007867132867132868
1904,0.0017331022530329288,0.006993006993006993
1905,0.0010398613518197574,0.0
1906,0.0001733102253032929,0.0
1907,0.0001733102253032929,0.0
1908,0.0005199306759098787,0.0
1909,0.0001733102253032929,0.0030594405594405595
1910,0.0,0.0
1911,0.0001733102253032929,0.0
1912,0.0,0.0021853146853146855
1913,0.0,0.00043706293706293706
1914,0.054419410745233966,0.13068181818181818
1915,0.0029462738301559792,0.010926573426573426
1916,0.004332755632582322,0.004370629370629371
1917,0.0017331022530329288,0.0013111888111888112
1918,0.0008665511265164644,0.0
1919,0.0008665511265164644,0.0
1920,0.0001733102253032929,0.0030594405594405595
1921,0.0008665511265164644,0.0
1922,0.0,0.00043706293706293706
1923,0.0001733102253032929,0.0
1924,0.0003466204506065858,0.00043706293706293706
1925,0.0,0.0
1926,0.004506065857885615,0.0026223776223776225
1927,0.0001733102253032929,0.0026223776223776225
1928,0.009705372616984401,0.008741258741258742
1929,0.0020797227036395147,0.0026223776223776225
1930,0.0005199306759098787,0.0
1931,0.0005199306759098787,0.003933566433566434
1932,0.0,0.0017482517482517483
1933,0.0038128249566724438,0.0118006993006993
1934,0.0,0.0021853146853146855
1935,0.0008665511265164644,0.0
1936,0.0,0.0
1937,0.0012131715771230502,0.0
1938,0.0025996533795493936,0.006555944055944056
1939,0.0010398613518197574,0.0
1940,0.0020797227036395147,0.0
1941,0.0001733102253032929,0.0
1942,0.0013864818024263432,0.0
1943,0.006932409012131715,0.007867132867132868
1944,0.005199306759098787,0.0021853146853146855
1945,0.0001733102253032929,0.0
1946,0.0,0.00043706293706293706
1947,0.004852686308492201,0.0
1948,0.0,0.00043706293706293706
1949,0.0038128249566724438,0.0013111888111888112
1950,0.0019064124783362219,0.0013111888111888112
1951,0.0001733102253032929,0.0
1952,0.0010398613518197574,0.0030594405594405595
1953,0.010918544194107453,0.0
1954,0.003639514731369151,0.007867132867132868
1955,0.005719237435008666,0.008304195804195804
1956,0.0,0.00043706293706293706
1957,0.0012131715771230502,0.0
1958,0.003119584055459272,0.008741258741258742
1959,0.0220103986135182,0.042395104895104896
1960,0.0001733102253032929,0.0
1961,0.0013864818024263432,0.005681818181818182
1962,0.0,0.0
1963,0.0006932409012131716,0.0017482517482517483
1964,0.0006932409012131716,0.0
1965,0.0050259965337954935,0.008304195804195804
1966,0.0,0.003933566433566434
1967,0.0,0.0
1968,0.0076256499133448875,0.027097902097902096
1969,0.0003466204506065858,0.0013111888111888112
1970,0.0,0.0021853146853146855
1971,0.0008665511265164644,0.0
1972,0.0006932409012131716,0.0
1973,0.006239168110918544,0.012237762237762238
1974,0.0,0.00043706293706293706
1975,0.0013864818024263432,0.0
1976,0.0012131715771230502,0.00043706293706293706
1977,0.013691507798960138,0.0026223776223776225
1978,0.00658578856152513,0.020104895104895104
1979,0.0,0.0026223776223776225
1980,0.0010398613518197574,0.0
1981,0.0022530329289428075,0.010052447552447552
1982,0.0010398613518197574,0.0030594405594405595
1983,0.0,0.0021853146853146855
1984,0.0017331022530329288,0.00043706293706293706
1985,0.0012131715771230502,0.0
1986,0.0,0.0
1987,0.0,0.0
1988,0.0006932409012131716,0.0017482517482517483
1989,0.0010398613518197574,0.0017482517482517483
1990,0.0,0.005244755244755245
1991,0.0020797227036395147,0.00043706293706293706
1992,0.0,0.0030594405594405595
1993,0.0,0.0017482517482517483
1994,0.0001733102253032929,0.0
1995,0.0001733102253032929,0.0
1996,0.0008665511265164644,0.0008741258741258741
1997,0.0019064124783362219,0.0034965034965034965
1998,0.0,0.0
1999,0.0,0.00043706293706293706
2000,0.0,0.0
2001,0.0012131715771230502,0.004807692307692308
2002,0.0005199306759098787,0.0
2003,0.0001733102253032929,0.0
2004,0.0034662045060658577,0.009178321678321678
2005,0.0,0.0017482517482517483
2006,0.001559792027729636,0.006993006993006993
2007,0.004679376083188908,0.009615384615384616
2008,0.9188908145580589,1.6088286713286712
2009,0.0005199306759098787,0.0008741258741258741
2010,0.0022530329289428075,0.006993006993006993
2011,0.0020797227036395147,0.004370629370629371
2012,0.0006932409012131716,0.0
2013,0.0006932409012131716,0.0
2014,0.0008665511265164644,0.0
2015,0.0,0.0
2016,0.0,0.0017482517482517483
2017,0.0001733102253032929,0.0
2018,0.0008665511265164644,0.0008741258741258741
2019,0.004679376083188908,0.013548951048951048
2020,0.0001733102253032929,0.0
2021,0.02755632582322357,0.045454545454545456
2022,0.0,0.0008741258741258741
2023,0.0001733102253032929,0.0017482517482517483
2024,0.006239168110918544,0.017045454545454544
2025,0.0,0.0008741258741258741
2026,0.004506065857885615,0.009615384615384616
2027,0.0001733102253032929,0.0021853146853146855
2028,0.0010398613518197574,0.0021853146853146855
2029,0.0034662045060658577,0.0
2030,0.0,0.0008741258741258741
2031,0.0001733102253032929,0.0
2032,0.004159445407279029,0.021853146853146852
2033,0.0005199306759098787,0.0
2034,0.2502599653379549,0.42963286713286714
2035,0.0006932409012131716,0.0
2036,0.0003466204506065858,0.0
2037,0.040901213171577126,0.05550699300699301
2038,0.0005199306759098787,0.0021853146853146855
2039,0.0010398613518197574,0.0
2040,0.7606585788561525,1.3544580419580419
2041,0.0,0.00043706293706293706
2042,0.0010398613518197574,0.0
2043,0.001559792027729636,0.006118881118881119
2044,0.0,0.0021853146853146855
2045,0.0022530329289428075,0.0017482517482517483
2046,0.0,0.0021853146853146855
2047,0.007452339688041595,0.02054195804195804
2048,0.0,0.00043706293706293706
2049,0.0003466204506065858,0.0026223776223776225
2050,0.001559792027729636,0.0
2051,0.22755632582322358,0.4423076923076923
2052,0.0001733102253032929,0.0
2053,0.0001733102253032929,0.00043706293706293706
2054,0.00779896013864818,0.010052447552447552
2055,0.019584055459272096,0.024475524475524476
2056,0.0013864818024263432,0.006555944055944056
2057,0.0,0.0017482517482517483
2058,0.0010398613518197574,0.0
2059,0.003639514731369151,0.012674825174825174
2060,0.029462738301559793,0.052884615384615384
2061,0.0008665511265164644,0.0017482517482517483
2062,0.0006932409012131716,0.0
2063,0.0001733102253032929,0.0
2064,0.0,0.00043706293706293706
2065,0.03743500866551126,0.05944055944055944
2066,0.0,0.0008741258741258741
2067,0.004679376083188908,0.021416083916083916
2068,0.0,0.00043706293706293706
2069,0.0,0.00043706293706293706
2070,0.0010398613518197574,0.0021853146853146855
2071,0.0001733102253032929,0.0026223776223776225
2072,0.0025996533795493936,0.006118881118881119
2073,0.008145580589254766,0.015734265734265736
2074,0.0024263431542461003,0.01048951048951049
2075,0.0,0.0
2076,0.0,0.0021853146853146855
2077,0.07296360485268631,0.026223776223776224
2078,0.0,0.0026223776223776225
2079,0.0005199306759098787,0.0
2080,0.0022530329289428075,0.0008741258741258741
2081,0.0027729636048526864,0.0
2082,0.0001733102253032929,0.0008741258741258741
2083,0.0019064124783362219,0.004370629370629371
2084,0.0024263431542461003,0.013548951048951048
2085,0.0001733102253032929,0.0
2086,0.0012131715771230502,0.0
2087,0.0001733102253032929,0.00043706293706293706
2088,0.0,0.0
2089,0.0017331022530329288,0.0
2090,0.0012131715771230502,0.00043706293706293706
2091,0.0003466204506065858,0.0
2092,0.0,0.0021853146853146855
2093,0.0008665511265164644,0.0
2094,0.0,0.0017482517482517483
2095,0.0006932409012131716,0.0
2096,0.0013864818024263432,0.006993006993006993
2097,0.028942807625649915,0.022727272727272728
2098,0.01871750433275563,0.011363636363636364
2099,0.0,0.0021853146853146855
2100,0.0001733102253032929,0.0
2101,0.0008665511265164644,0.01048951048951049
2102,0.0038128249566724438,0.005681818181818182
2103,0.0005199306759098787,0.00043706293706293706
2104,0.0010398613518197574,0.0
2105,0.004159445407279029,0.024475524475524476
2106,0.0001733102253032929,0.0
2107,0.004332755632582322,0.010052447552447552
2108,0.0001733102253032929,0.0
2109,0.0001733102253032929,0.0
2110,0.0,0.0017482517482517483
2111,0.0006932409012131716,0.0
2112,0.0,0.00043706293706293706
2113,0.0,0.0013111888111888112
2114,0.007452339688041595,0.010926573426573426
2115,0.0058925476603119585,0.01486013986013986
2116,0.0,0.00043706293706293706
2117,0.0001733102253032929,0.0
2118,0.0019064124783362219,0.0
2119,0.0003466204506065858,0.0
2120,0.009532062391681109,0.03409090909090909
2121,0.007279029462738302,0.013111888111888112
2122,0.0,0.0026223776223776225
2123,0.8748700173310225,1.5638111888111887
2124,0.0024263431542461003,0.0118006993006993
2125,0.0006932409012131716,0.0
2126,0.003292894280762565,0.012237762237762238
2127,0.0,0.00043706293706293706
2128,0.0,0.0021853146853146855
2129,0.0003466204506065858,0.0
2130,0.0005199306759098787,0.0
2131,0.0001733102253032929,0.0
2132,0.0006932409012131716,0.0
2133,0.0020797227036395147,0.004370629370629371
2134,0.02391681109185442,0.0
2135,0.0003466204506065858,0.0
2136,0.0,0.0
2137,0.0006932409012131716,0.0008741258741258741
2138,0.0,0.00043706293706293706
2139,0.10987868284228769,0.25917832167832167
2140,0.0,0.0
2141,0.0,0.0
2142,0.0,0.0017482517482517483
2143,0.006759098786828423,0.008741258741258742
2144,0.0001733102253032929,0.0008741258741258741
2145,0.0013864818024263432,0.0
2146,0.0,0.0026223776223776225
2147,0.0,0.00043706293706293706
2148,0.008318890814558059,0.00743006993006993
2149,0.0,0.00043706293706293706
2150,0.0001733102253032929,0.0021853146853146855
2151,0.0006932409012131716,0.0
2152,0.0001733102253032929,0.0
2153,0.0008665511265164644,0.00043706293706293706
2154,0.0008665511265164644,0.0026223776223776225
2155,0.0010398613518197574,0.0
2156,0.0005199306759098787,0.00043706293706293706
